{"version":"1.2.0-beta.04","files":[{"label":"People","id":0,"autoFields":[],"fields":[{"key":"Name","description":"Name","cardinality":73,"type":"text","blanks":0,"uniques":[],"uniqueKey":true,"special":["-"],"unassignedSpecialChars":["-"],"countBy":true,"errors":[],"$$hashKey":"00A"},{"key":"Birthplace","description":"Birthplace","cardinality":45,"type":"text","blanks":1,"uniques":[],"uniqueKey":false,"special":[],"unassignedSpecialChars":[],"countBy":false,"errors":[],"descriptiveField":{"key":"Name","description":"Name","type":"text","cardinality":73,"blanks":0,"countBy":true,"uniques":[{"key":"Sara Murphy","value":1},{"key":"Lady Victoria Hamilton","value":1},{"key":"Ian Fleming","value":1},{"key":"Louis-Philippe","value":1},{"key":"Carey Grant","value":1},{"key":"Gustav V","value":1},{"key":"Aga Khan III","value":1},{"key":"Leopold II","value":1},{"key":"Edward VII","value":1},{"key":"Hiram Maxim","value":1},{"key":"Winaretta Singer","value":1},{"key":"Grimaldi Charles III","value":1},{"key":"Grimaldi Princesse Marie Caroline Gibert de Lametz","value":1},{"key":"Antony Noghes","value":1},{"key":"Basil Zaharoff","value":1},{"key":"Grace Kelly","value":1},{"key":"Grimaldi Louis II","value":1},{"key":"Grimaldi Prince Rainier III","value":1},{"key":"Grimaldi Princesse Antoinette Baroness of Massy","value":1},{"key":"Henri Schmit","value":1},{"key":"Hippolyte de Villemessant","value":1},{"key":"Leon Radziwill","value":1},{"key":"Raoul Gunsbourg","value":1},{"key":"Pablo Picasso","value":1},{"key":"Marie Blanc","value":1},{"key":"Elsa Maxwell","value":1},{"key":"Gerald Murphy","value":1},{"key":"La Belle Otero","value":1},{"key":"Alice Heine","value":1},{"key":"Anton Dolin","value":1},{"key":"Grimaldi Albert I","value":1},{"key":"Grimaldi Florestan I","value":1},{"key":"Grimaldi Pierre","value":1},{"key":"Grimaldi Princesse Antoinette de Merode","value":1},{"key":"Grimaldi Princesse Charlotte Duchess of Valentois","value":1},{"key":"Gustave Dore","value":1},{"key":"Honore de Balzac","value":1},{"key":"Jacques Benazet","value":1},{"key":"Louise Blanc","value":1},{"key":"Marie Juliette Louvet","value":1},{"key":"Mata Hari","value":1},{"key":"Roland Bonaparte","value":1},{"key":"Sarah Bernhardt","value":1},{"key":"Marie Félix Blanc","value":1},{"key":"Serge Diaghilev","value":1},{"key":"Albert Aubert","value":1},{"key":"Camille Blanc","value":1},{"key":"Charles Garnier","value":1},{"key":"Charles Wells","value":1},{"key":"Claude Blanc","value":1},{"key":"Coco Chanel","value":1},{"key":"Colette","value":1},{"key":"Constantin Radziwill","value":1},{"key":"Consuelo Vanderbilt","value":1},{"key":"Duc de Valmy","value":1},{"key":"Edith Wharton","value":1},{"key":"Edmond Blanc","value":1},{"key":"Eugene Marquet","value":1},{"key":"Eynaud","value":1},{"key":"Francois Blanc","value":1},{"key":"Francois Lefebvre","value":1},{"key":"Henri Wagatha","value":1},{"key":"Joseph Jagger","value":1},{"key":"Jules Laurent Dutrou","value":1},{"key":"Leon Barthou","value":1},{"key":"Louis Blanc","value":1},{"key":"Ludwig Jacobi","value":1},{"key":"Magdeleine-Victoire Huguelin","value":1},{"key":"Marie Therese Blanc","value":1},{"key":"Napoleon Langlois","value":1},{"key":"Pierre Auguste Daval","value":1},{"key":"Pierre Polovtsoff","value":1},{"key":"Rene Leon","value":1}],"special":["-"],"unassignedSpecialChars":["-"],"uniqueKey":true,"errors":[]},"$$hashKey":"00B","confirmed":true,"augmentId":1},{"key":"Arrival Point","description":"Arrival Point","cardinality":1,"type":"text","blanks":0,"uniques":[],"uniqueKey":false,"special":[],"unassignedSpecialChars":[],"countBy":false,"errors":[],"descriptiveField":{"key":"Name","description":"Name","type":"text","cardinality":73,"blanks":0,"countBy":true,"uniques":[{"key":"Sara Murphy","value":1},{"key":"Lady Victoria Hamilton","value":1},{"key":"Ian Fleming","value":1},{"key":"Louis-Philippe","value":1},{"key":"Carey Grant","value":1},{"key":"Gustav V","value":1},{"key":"Aga Khan III","value":1},{"key":"Leopold II","value":1},{"key":"Edward VII","value":1},{"key":"Hiram Maxim","value":1},{"key":"Winaretta Singer","value":1},{"key":"Grimaldi Charles III","value":1},{"key":"Grimaldi Princesse Marie Caroline Gibert de Lametz","value":1},{"key":"Antony Noghes","value":1},{"key":"Basil Zaharoff","value":1},{"key":"Grace Kelly","value":1},{"key":"Grimaldi Louis II","value":1},{"key":"Grimaldi Prince Rainier III","value":1},{"key":"Grimaldi Princesse Antoinette Baroness of Massy","value":1},{"key":"Henri Schmit","value":1},{"key":"Hippolyte de Villemessant","value":1},{"key":"Leon Radziwill","value":1},{"key":"Raoul Gunsbourg","value":1},{"key":"Pablo Picasso","value":1},{"key":"Marie Blanc","value":1},{"key":"Elsa Maxwell","value":1},{"key":"Gerald Murphy","value":1},{"key":"La Belle Otero","value":1},{"key":"Alice Heine","value":1},{"key":"Anton Dolin","value":1},{"key":"Grimaldi Albert I","value":1},{"key":"Grimaldi Florestan I","value":1},{"key":"Grimaldi Pierre","value":1},{"key":"Grimaldi Princesse Antoinette de Merode","value":1},{"key":"Grimaldi Princesse Charlotte Duchess of Valentois","value":1},{"key":"Gustave Dore","value":1},{"key":"Honore de Balzac","value":1},{"key":"Jacques Benazet","value":1},{"key":"Louise Blanc","value":1},{"key":"Marie Juliette Louvet","value":1},{"key":"Mata Hari","value":1},{"key":"Roland Bonaparte","value":1},{"key":"Sarah Bernhardt","value":1},{"key":"Marie Félix Blanc","value":1},{"key":"Serge Diaghilev","value":1},{"key":"Albert Aubert","value":1},{"key":"Camille Blanc","value":1},{"key":"Charles Garnier","value":1},{"key":"Charles Wells","value":1},{"key":"Claude Blanc","value":1},{"key":"Coco Chanel","value":1},{"key":"Colette","value":1},{"key":"Constantin Radziwill","value":1},{"key":"Consuelo Vanderbilt","value":1},{"key":"Duc de Valmy","value":1},{"key":"Edith Wharton","value":1},{"key":"Edmond Blanc","value":1},{"key":"Eugene Marquet","value":1},{"key":"Eynaud","value":1},{"key":"Francois Blanc","value":1},{"key":"Francois Lefebvre","value":1},{"key":"Henri Wagatha","value":1},{"key":"Joseph Jagger","value":1},{"key":"Jules Laurent Dutrou","value":1},{"key":"Leon Barthou","value":1},{"key":"Louis Blanc","value":1},{"key":"Ludwig Jacobi","value":1},{"key":"Magdeleine-Victoire Huguelin","value":1},{"key":"Marie Therese Blanc","value":1},{"key":"Napoleon Langlois","value":1},{"key":"Pierre Auguste Daval","value":1},{"key":"Pierre Polovtsoff","value":1},{"key":"Rene Leon","value":1}],"special":["-"],"unassignedSpecialChars":["-"],"uniqueKey":true,"errors":[]},"$$hashKey":"00C","confirmed":true,"augmentId":1},{"key":"Birthdate","description":"Birthdate","cardinality":61,"type":"date","blanks":11,"uniques":[],"uniqueKey":false,"special":[],"unassignedSpecialChars":[],"countBy":false,"errors":[],"descriptiveField":{"key":"Name","description":"Name","type":"text","cardinality":73,"blanks":0,"countBy":true,"uniques":[{"key":"Sara Murphy","value":1},{"key":"Lady Victoria Hamilton","value":1},{"key":"Ian Fleming","value":1},{"key":"Louis-Philippe","value":1},{"key":"Carey Grant","value":1},{"key":"Gustav V","value":1},{"key":"Aga Khan III","value":1},{"key":"Leopold II","value":1},{"key":"Edward VII","value":1},{"key":"Hiram Maxim","value":1},{"key":"Winaretta Singer","value":1},{"key":"Grimaldi Charles III","value":1},{"key":"Grimaldi Princesse Marie Caroline Gibert de Lametz","value":1},{"key":"Antony Noghes","value":1},{"key":"Basil Zaharoff","value":1},{"key":"Grace Kelly","value":1},{"key":"Grimaldi Louis II","value":1},{"key":"Grimaldi Prince Rainier III","value":1},{"key":"Grimaldi Princesse Antoinette Baroness of Massy","value":1},{"key":"Henri Schmit","value":1},{"key":"Hippolyte de Villemessant","value":1},{"key":"Leon Radziwill","value":1},{"key":"Raoul Gunsbourg","value":1},{"key":"Pablo Picasso","value":1},{"key":"Marie Blanc","value":1},{"key":"Elsa Maxwell","value":1},{"key":"Gerald Murphy","value":1},{"key":"La Belle Otero","value":1},{"key":"Alice Heine","value":1},{"key":"Anton Dolin","value":1},{"key":"Grimaldi Albert I","value":1},{"key":"Grimaldi Florestan I","value":1},{"key":"Grimaldi Pierre","value":1},{"key":"Grimaldi Princesse Antoinette de Merode","value":1},{"key":"Grimaldi Princesse Charlotte Duchess of Valentois","value":1},{"key":"Gustave Dore","value":1},{"key":"Honore de Balzac","value":1},{"key":"Jacques Benazet","value":1},{"key":"Louise Blanc","value":1},{"key":"Marie Juliette Louvet","value":1},{"key":"Mata Hari","value":1},{"key":"Roland Bonaparte","value":1},{"key":"Sarah Bernhardt","value":1},{"key":"Marie Félix Blanc","value":1},{"key":"Serge Diaghilev","value":1},{"key":"Albert Aubert","value":1},{"key":"Camille Blanc","value":1},{"key":"Charles Garnier","value":1},{"key":"Charles Wells","value":1},{"key":"Claude Blanc","value":1},{"key":"Coco Chanel","value":1},{"key":"Colette","value":1},{"key":"Constantin Radziwill","value":1},{"key":"Consuelo Vanderbilt","value":1},{"key":"Duc de Valmy","value":1},{"key":"Edith Wharton","value":1},{"key":"Edmond Blanc","value":1},{"key":"Eugene Marquet","value":1},{"key":"Eynaud","value":1},{"key":"Francois Blanc","value":1},{"key":"Francois Lefebvre","value":1},{"key":"Henri Wagatha","value":1},{"key":"Joseph Jagger","value":1},{"key":"Jules Laurent Dutrou","value":1},{"key":"Leon Barthou","value":1},{"key":"Louis Blanc","value":1},{"key":"Ludwig Jacobi","value":1},{"key":"Magdeleine-Victoire Huguelin","value":1},{"key":"Marie Therese Blanc","value":1},{"key":"Napoleon Langlois","value":1},{"key":"Pierre Auguste Daval","value":1},{"key":"Pierre Polovtsoff","value":1},{"key":"Rene Leon","value":1}],"special":["-"],"unassignedSpecialChars":["-"],"uniqueKey":true,"errors":[]},"$$hashKey":"00D"},{"key":"Gender","description":"Gender","cardinality":2,"type":"text","blanks":0,"uniques":[],"uniqueKey":false,"special":[],"unassignedSpecialChars":[],"countBy":false,"errors":[],"descriptiveField":{"key":"Name","description":"Name","type":"text","cardinality":73,"blanks":0,"countBy":true,"uniques":[{"key":"Sara Murphy","value":1},{"key":"Lady Victoria Hamilton","value":1},{"key":"Ian Fleming","value":1},{"key":"Louis-Philippe","value":1},{"key":"Carey Grant","value":1},{"key":"Gustav V","value":1},{"key":"Aga Khan III","value":1},{"key":"Leopold II","value":1},{"key":"Edward VII","value":1},{"key":"Hiram Maxim","value":1},{"key":"Winaretta Singer","value":1},{"key":"Grimaldi Charles III","value":1},{"key":"Grimaldi Princesse Marie Caroline Gibert de Lametz","value":1},{"key":"Antony Noghes","value":1},{"key":"Basil Zaharoff","value":1},{"key":"Grace Kelly","value":1},{"key":"Grimaldi Louis II","value":1},{"key":"Grimaldi Prince Rainier III","value":1},{"key":"Grimaldi Princesse Antoinette Baroness of Massy","value":1},{"key":"Henri Schmit","value":1},{"key":"Hippolyte de Villemessant","value":1},{"key":"Leon Radziwill","value":1},{"key":"Raoul Gunsbourg","value":1},{"key":"Pablo Picasso","value":1},{"key":"Marie Blanc","value":1},{"key":"Elsa Maxwell","value":1},{"key":"Gerald Murphy","value":1},{"key":"La Belle Otero","value":1},{"key":"Alice Heine","value":1},{"key":"Anton Dolin","value":1},{"key":"Grimaldi Albert I","value":1},{"key":"Grimaldi Florestan I","value":1},{"key":"Grimaldi Pierre","value":1},{"key":"Grimaldi Princesse Antoinette de Merode","value":1},{"key":"Grimaldi Princesse Charlotte Duchess of Valentois","value":1},{"key":"Gustave Dore","value":1},{"key":"Honore de Balzac","value":1},{"key":"Jacques Benazet","value":1},{"key":"Louise Blanc","value":1},{"key":"Marie Juliette Louvet","value":1},{"key":"Mata Hari","value":1},{"key":"Roland Bonaparte","value":1},{"key":"Sarah Bernhardt","value":1},{"key":"Marie Félix Blanc","value":1},{"key":"Serge Diaghilev","value":1},{"key":"Albert Aubert","value":1},{"key":"Camille Blanc","value":1},{"key":"Charles Garnier","value":1},{"key":"Charles Wells","value":1},{"key":"Claude Blanc","value":1},{"key":"Coco Chanel","value":1},{"key":"Colette","value":1},{"key":"Constantin Radziwill","value":1},{"key":"Consuelo Vanderbilt","value":1},{"key":"Duc de Valmy","value":1},{"key":"Edith Wharton","value":1},{"key":"Edmond Blanc","value":1},{"key":"Eugene Marquet","value":1},{"key":"Eynaud","value":1},{"key":"Francois Blanc","value":1},{"key":"Francois Lefebvre","value":1},{"key":"Henri Wagatha","value":1},{"key":"Joseph Jagger","value":1},{"key":"Jules Laurent Dutrou","value":1},{"key":"Leon Barthou","value":1},{"key":"Louis Blanc","value":1},{"key":"Ludwig Jacobi","value":1},{"key":"Magdeleine-Victoire Huguelin","value":1},{"key":"Marie Therese Blanc","value":1},{"key":"Napoleon Langlois","value":1},{"key":"Pierre Auguste Daval","value":1},{"key":"Pierre Polovtsoff","value":1},{"key":"Rene Leon","value":1}],"special":["-"],"unassignedSpecialChars":["-"],"uniqueKey":true,"errors":[]},"$$hashKey":"00E"},{"key":"Position","description":"Position","cardinality":13,"type":"text","blanks":2,"uniques":[],"uniqueKey":false,"special":[","],"unassignedSpecialChars":[],"countBy":false,"errors":[],"descriptiveField":{"key":"Name","description":"Name","type":"text","cardinality":73,"blanks":0,"countBy":true,"uniques":[{"key":"Sara Murphy","value":1},{"key":"Lady Victoria Hamilton","value":1},{"key":"Ian Fleming","value":1},{"key":"Louis-Philippe","value":1},{"key":"Carey Grant","value":1},{"key":"Gustav V","value":1},{"key":"Aga Khan III","value":1},{"key":"Leopold II","value":1},{"key":"Edward VII","value":1},{"key":"Hiram Maxim","value":1},{"key":"Winaretta Singer","value":1},{"key":"Grimaldi Charles III","value":1},{"key":"Grimaldi Princesse Marie Caroline Gibert de Lametz","value":1},{"key":"Antony Noghes","value":1},{"key":"Basil Zaharoff","value":1},{"key":"Grace Kelly","value":1},{"key":"Grimaldi Louis II","value":1},{"key":"Grimaldi Prince Rainier III","value":1},{"key":"Grimaldi Princesse Antoinette Baroness of Massy","value":1},{"key":"Henri Schmit","value":1},{"key":"Hippolyte de Villemessant","value":1},{"key":"Leon Radziwill","value":1},{"key":"Raoul Gunsbourg","value":1},{"key":"Pablo Picasso","value":1},{"key":"Marie Blanc","value":1},{"key":"Elsa Maxwell","value":1},{"key":"Gerald Murphy","value":1},{"key":"La Belle Otero","value":1},{"key":"Alice Heine","value":1},{"key":"Anton Dolin","value":1},{"key":"Grimaldi Albert I","value":1},{"key":"Grimaldi Florestan I","value":1},{"key":"Grimaldi Pierre","value":1},{"key":"Grimaldi Princesse Antoinette de Merode","value":1},{"key":"Grimaldi Princesse Charlotte Duchess of Valentois","value":1},{"key":"Gustave Dore","value":1},{"key":"Honore de Balzac","value":1},{"key":"Jacques Benazet","value":1},{"key":"Louise Blanc","value":1},{"key":"Marie Juliette Louvet","value":1},{"key":"Mata Hari","value":1},{"key":"Roland Bonaparte","value":1},{"key":"Sarah Bernhardt","value":1},{"key":"Marie Félix Blanc","value":1},{"key":"Serge Diaghilev","value":1},{"key":"Albert Aubert","value":1},{"key":"Camille Blanc","value":1},{"key":"Charles Garnier","value":1},{"key":"Charles Wells","value":1},{"key":"Claude Blanc","value":1},{"key":"Coco Chanel","value":1},{"key":"Colette","value":1},{"key":"Constantin Radziwill","value":1},{"key":"Consuelo Vanderbilt","value":1},{"key":"Duc de Valmy","value":1},{"key":"Edith Wharton","value":1},{"key":"Edmond Blanc","value":1},{"key":"Eugene Marquet","value":1},{"key":"Eynaud","value":1},{"key":"Francois Blanc","value":1},{"key":"Francois Lefebvre","value":1},{"key":"Henri Wagatha","value":1},{"key":"Joseph Jagger","value":1},{"key":"Jules Laurent Dutrou","value":1},{"key":"Leon Barthou","value":1},{"key":"Louis Blanc","value":1},{"key":"Ludwig Jacobi","value":1},{"key":"Magdeleine-Victoire Huguelin","value":1},{"key":"Marie Therese Blanc","value":1},{"key":"Napoleon Langlois","value":1},{"key":"Pierre Auguste Daval","value":1},{"key":"Pierre Polovtsoff","value":1},{"key":"Rene Leon","value":1}],"special":["-"],"unassignedSpecialChars":["-"],"uniqueKey":true,"errors":[]},"$$hashKey":"00F","confirmed":true,"mvDelimiter":","},{"key":"Place of Death","description":"Place of Death","cardinality":18,"type":"text","blanks":28,"uniques":[],"uniqueKey":false,"special":[],"unassignedSpecialChars":[],"countBy":false,"errors":[],"descriptiveField":{"key":"Name","description":"Name","type":"text","cardinality":73,"blanks":0,"countBy":true,"uniques":[{"key":"Sara Murphy","value":1},{"key":"Lady Victoria Hamilton","value":1},{"key":"Ian Fleming","value":1},{"key":"Louis-Philippe","value":1},{"key":"Carey Grant","value":1},{"key":"Gustav V","value":1},{"key":"Aga Khan III","value":1},{"key":"Leopold II","value":1},{"key":"Edward VII","value":1},{"key":"Hiram Maxim","value":1},{"key":"Winaretta Singer","value":1},{"key":"Grimaldi Charles III","value":1},{"key":"Grimaldi Princesse Marie Caroline Gibert de Lametz","value":1},{"key":"Antony Noghes","value":1},{"key":"Basil Zaharoff","value":1},{"key":"Grace Kelly","value":1},{"key":"Grimaldi Louis II","value":1},{"key":"Grimaldi Prince Rainier III","value":1},{"key":"Grimaldi Princesse Antoinette Baroness of Massy","value":1},{"key":"Henri Schmit","value":1},{"key":"Hippolyte de Villemessant","value":1},{"key":"Leon Radziwill","value":1},{"key":"Raoul Gunsbourg","value":1},{"key":"Pablo Picasso","value":1},{"key":"Marie Blanc","value":1},{"key":"Elsa Maxwell","value":1},{"key":"Gerald Murphy","value":1},{"key":"La Belle Otero","value":1},{"key":"Alice Heine","value":1},{"key":"Anton Dolin","value":1},{"key":"Grimaldi Albert I","value":1},{"key":"Grimaldi Florestan I","value":1},{"key":"Grimaldi Pierre","value":1},{"key":"Grimaldi Princesse Antoinette de Merode","value":1},{"key":"Grimaldi Princesse Charlotte Duchess of Valentois","value":1},{"key":"Gustave Dore","value":1},{"key":"Honore de Balzac","value":1},{"key":"Jacques Benazet","value":1},{"key":"Louise Blanc","value":1},{"key":"Marie Juliette Louvet","value":1},{"key":"Mata Hari","value":1},{"key":"Roland Bonaparte","value":1},{"key":"Sarah Bernhardt","value":1},{"key":"Marie Félix Blanc","value":1},{"key":"Serge Diaghilev","value":1},{"key":"Albert Aubert","value":1},{"key":"Camille Blanc","value":1},{"key":"Charles Garnier","value":1},{"key":"Charles Wells","value":1},{"key":"Claude Blanc","value":1},{"key":"Coco Chanel","value":1},{"key":"Colette","value":1},{"key":"Constantin Radziwill","value":1},{"key":"Consuelo Vanderbilt","value":1},{"key":"Duc de Valmy","value":1},{"key":"Edith Wharton","value":1},{"key":"Edmond Blanc","value":1},{"key":"Eugene Marquet","value":1},{"key":"Eynaud","value":1},{"key":"Francois Blanc","value":1},{"key":"Francois Lefebvre","value":1},{"key":"Henri Wagatha","value":1},{"key":"Joseph Jagger","value":1},{"key":"Jules Laurent Dutrou","value":1},{"key":"Leon Barthou","value":1},{"key":"Louis Blanc","value":1},{"key":"Ludwig Jacobi","value":1},{"key":"Magdeleine-Victoire Huguelin","value":1},{"key":"Marie Therese Blanc","value":1},{"key":"Napoleon Langlois","value":1},{"key":"Pierre Auguste Daval","value":1},{"key":"Pierre Polovtsoff","value":1},{"key":"Rene Leon","value":1}],"special":["-"],"unassignedSpecialChars":["-"],"uniqueKey":true,"errors":[]},"$$hashKey":"00G","confirmed":true,"augmentId":1},{"key":"Date of Death","description":"Date of Death","cardinality":49,"type":"date","blanks":23,"uniques":[],"uniqueKey":false,"special":[],"unassignedSpecialChars":[],"countBy":false,"errors":[],"descriptiveField":{"key":"Name","description":"Name","type":"text","cardinality":73,"blanks":0,"countBy":true,"uniques":[{"key":"Sara Murphy","value":1},{"key":"Lady Victoria Hamilton","value":1},{"key":"Ian Fleming","value":1},{"key":"Louis-Philippe","value":1},{"key":"Carey Grant","value":1},{"key":"Gustav V","value":1},{"key":"Aga Khan III","value":1},{"key":"Leopold II","value":1},{"key":"Edward VII","value":1},{"key":"Hiram Maxim","value":1},{"key":"Winaretta Singer","value":1},{"key":"Grimaldi Charles III","value":1},{"key":"Grimaldi Princesse Marie Caroline Gibert de Lametz","value":1},{"key":"Antony Noghes","value":1},{"key":"Basil Zaharoff","value":1},{"key":"Grace Kelly","value":1},{"key":"Grimaldi Louis II","value":1},{"key":"Grimaldi Prince Rainier III","value":1},{"key":"Grimaldi Princesse Antoinette Baroness of Massy","value":1},{"key":"Henri Schmit","value":1},{"key":"Hippolyte de Villemessant","value":1},{"key":"Leon Radziwill","value":1},{"key":"Raoul Gunsbourg","value":1},{"key":"Pablo Picasso","value":1},{"key":"Marie Blanc","value":1},{"key":"Elsa Maxwell","value":1},{"key":"Gerald Murphy","value":1},{"key":"La Belle Otero","value":1},{"key":"Alice Heine","value":1},{"key":"Anton Dolin","value":1},{"key":"Grimaldi Albert I","value":1},{"key":"Grimaldi Florestan I","value":1},{"key":"Grimaldi Pierre","value":1},{"key":"Grimaldi Princesse Antoinette de Merode","value":1},{"key":"Grimaldi Princesse Charlotte Duchess of Valentois","value":1},{"key":"Gustave Dore","value":1},{"key":"Honore de Balzac","value":1},{"key":"Jacques Benazet","value":1},{"key":"Louise Blanc","value":1},{"key":"Marie Juliette Louvet","value":1},{"key":"Mata Hari","value":1},{"key":"Roland Bonaparte","value":1},{"key":"Sarah Bernhardt","value":1},{"key":"Marie Félix Blanc","value":1},{"key":"Serge Diaghilev","value":1},{"key":"Albert Aubert","value":1},{"key":"Camille Blanc","value":1},{"key":"Charles Garnier","value":1},{"key":"Charles Wells","value":1},{"key":"Claude Blanc","value":1},{"key":"Coco Chanel","value":1},{"key":"Colette","value":1},{"key":"Constantin Radziwill","value":1},{"key":"Consuelo Vanderbilt","value":1},{"key":"Duc de Valmy","value":1},{"key":"Edith Wharton","value":1},{"key":"Edmond Blanc","value":1},{"key":"Eugene Marquet","value":1},{"key":"Eynaud","value":1},{"key":"Francois Blanc","value":1},{"key":"Francois Lefebvre","value":1},{"key":"Henri Wagatha","value":1},{"key":"Joseph Jagger","value":1},{"key":"Jules Laurent Dutrou","value":1},{"key":"Leon Barthou","value":1},{"key":"Louis Blanc","value":1},{"key":"Ludwig Jacobi","value":1},{"key":"Magdeleine-Victoire Huguelin","value":1},{"key":"Marie Therese Blanc","value":1},{"key":"Napoleon Langlois","value":1},{"key":"Pierre Auguste Daval","value":1},{"key":"Pierre Polovtsoff","value":1},{"key":"Rene Leon","value":1}],"special":["-"],"unassignedSpecialChars":["-"],"uniqueKey":true,"errors":[]},"$$hashKey":"00H"},{"key":"Pic","description":"Pic","cardinality":54,"type":"url","blanks":0,"uniques":[],"uniqueKey":false,"special":[],"unassignedSpecialChars":[],"countBy":false,"errors":[],"descriptiveField":{"key":"Name","description":"Name","type":"text","cardinality":73,"blanks":0,"countBy":true,"uniques":[{"key":"Sara Murphy","value":1},{"key":"Lady Victoria Hamilton","value":1},{"key":"Ian Fleming","value":1},{"key":"Louis-Philippe","value":1},{"key":"Carey Grant","value":1},{"key":"Gustav V","value":1},{"key":"Aga Khan III","value":1},{"key":"Leopold II","value":1},{"key":"Edward VII","value":1},{"key":"Hiram Maxim","value":1},{"key":"Winaretta Singer","value":1},{"key":"Grimaldi Charles III","value":1},{"key":"Grimaldi Princesse Marie Caroline Gibert de Lametz","value":1},{"key":"Antony Noghes","value":1},{"key":"Basil Zaharoff","value":1},{"key":"Grace Kelly","value":1},{"key":"Grimaldi Louis II","value":1},{"key":"Grimaldi Prince Rainier III","value":1},{"key":"Grimaldi Princesse Antoinette Baroness of Massy","value":1},{"key":"Henri Schmit","value":1},{"key":"Hippolyte de Villemessant","value":1},{"key":"Leon Radziwill","value":1},{"key":"Raoul Gunsbourg","value":1},{"key":"Pablo Picasso","value":1},{"key":"Marie Blanc","value":1},{"key":"Elsa Maxwell","value":1},{"key":"Gerald Murphy","value":1},{"key":"La Belle Otero","value":1},{"key":"Alice Heine","value":1},{"key":"Anton Dolin","value":1},{"key":"Grimaldi Albert I","value":1},{"key":"Grimaldi Florestan I","value":1},{"key":"Grimaldi Pierre","value":1},{"key":"Grimaldi Princesse Antoinette de Merode","value":1},{"key":"Grimaldi Princesse Charlotte Duchess of Valentois","value":1},{"key":"Gustave Dore","value":1},{"key":"Honore de Balzac","value":1},{"key":"Jacques Benazet","value":1},{"key":"Louise Blanc","value":1},{"key":"Marie Juliette Louvet","value":1},{"key":"Mata Hari","value":1},{"key":"Roland Bonaparte","value":1},{"key":"Sarah Bernhardt","value":1},{"key":"Marie Félix Blanc","value":1},{"key":"Serge Diaghilev","value":1},{"key":"Albert Aubert","value":1},{"key":"Camille Blanc","value":1},{"key":"Charles Garnier","value":1},{"key":"Charles Wells","value":1},{"key":"Claude Blanc","value":1},{"key":"Coco Chanel","value":1},{"key":"Colette","value":1},{"key":"Constantin Radziwill","value":1},{"key":"Consuelo Vanderbilt","value":1},{"key":"Duc de Valmy","value":1},{"key":"Edith Wharton","value":1},{"key":"Edmond Blanc","value":1},{"key":"Eugene Marquet","value":1},{"key":"Eynaud","value":1},{"key":"Francois Blanc","value":1},{"key":"Francois Lefebvre","value":1},{"key":"Henri Wagatha","value":1},{"key":"Joseph Jagger","value":1},{"key":"Jules Laurent Dutrou","value":1},{"key":"Leon Barthou","value":1},{"key":"Louis Blanc","value":1},{"key":"Ludwig Jacobi","value":1},{"key":"Magdeleine-Victoire Huguelin","value":1},{"key":"Marie Therese Blanc","value":1},{"key":"Napoleon Langlois","value":1},{"key":"Pierre Auguste Daval","value":1},{"key":"Pierre Polovtsoff","value":1},{"key":"Rene Leon","value":1}],"special":["-"],"unassignedSpecialChars":["-"],"uniqueKey":true,"errors":[]},"$$hashKey":"00I"},{"key":"Site","description":"Site","cardinality":0,"type":"null","blanks":73,"uniques":[],"uniqueKey":false,"special":[],"unassignedSpecialChars":[],"countBy":false,"errors":[],"descriptiveField":{"key":"Name","description":"Name","type":"text","cardinality":73,"blanks":0,"countBy":true,"uniques":[{"key":"Sara Murphy","value":1},{"key":"Lady Victoria Hamilton","value":1},{"key":"Ian Fleming","value":1},{"key":"Louis-Philippe","value":1},{"key":"Carey Grant","value":1},{"key":"Gustav V","value":1},{"key":"Aga Khan III","value":1},{"key":"Leopold II","value":1},{"key":"Edward VII","value":1},{"key":"Hiram Maxim","value":1},{"key":"Winaretta Singer","value":1},{"key":"Grimaldi Charles III","value":1},{"key":"Grimaldi Princesse Marie Caroline Gibert de Lametz","value":1},{"key":"Antony Noghes","value":1},{"key":"Basil Zaharoff","value":1},{"key":"Grace Kelly","value":1},{"key":"Grimaldi Louis II","value":1},{"key":"Grimaldi Prince Rainier III","value":1},{"key":"Grimaldi Princesse Antoinette Baroness of Massy","value":1},{"key":"Henri Schmit","value":1},{"key":"Hippolyte de Villemessant","value":1},{"key":"Leon Radziwill","value":1},{"key":"Raoul Gunsbourg","value":1},{"key":"Pablo Picasso","value":1},{"key":"Marie Blanc","value":1},{"key":"Elsa Maxwell","value":1},{"key":"Gerald Murphy","value":1},{"key":"La Belle Otero","value":1},{"key":"Alice Heine","value":1},{"key":"Anton Dolin","value":1},{"key":"Grimaldi Albert I","value":1},{"key":"Grimaldi Florestan I","value":1},{"key":"Grimaldi Pierre","value":1},{"key":"Grimaldi Princesse Antoinette de Merode","value":1},{"key":"Grimaldi Princesse Charlotte Duchess of Valentois","value":1},{"key":"Gustave Dore","value":1},{"key":"Honore de Balzac","value":1},{"key":"Jacques Benazet","value":1},{"key":"Louise Blanc","value":1},{"key":"Marie Juliette Louvet","value":1},{"key":"Mata Hari","value":1},{"key":"Roland Bonaparte","value":1},{"key":"Sarah Bernhardt","value":1},{"key":"Marie Félix Blanc","value":1},{"key":"Serge Diaghilev","value":1},{"key":"Albert Aubert","value":1},{"key":"Camille Blanc","value":1},{"key":"Charles Garnier","value":1},{"key":"Charles Wells","value":1},{"key":"Claude Blanc","value":1},{"key":"Coco Chanel","value":1},{"key":"Colette","value":1},{"key":"Constantin Radziwill","value":1},{"key":"Consuelo Vanderbilt","value":1},{"key":"Duc de Valmy","value":1},{"key":"Edith Wharton","value":1},{"key":"Edmond Blanc","value":1},{"key":"Eugene Marquet","value":1},{"key":"Eynaud","value":1},{"key":"Francois Blanc","value":1},{"key":"Francois Lefebvre","value":1},{"key":"Henri Wagatha","value":1},{"key":"Joseph Jagger","value":1},{"key":"Jules Laurent Dutrou","value":1},{"key":"Leon Barthou","value":1},{"key":"Louis Blanc","value":1},{"key":"Ludwig Jacobi","value":1},{"key":"Magdeleine-Victoire Huguelin","value":1},{"key":"Marie Therese Blanc","value":1},{"key":"Napoleon Langlois","value":1},{"key":"Pierre Auguste Daval","value":1},{"key":"Pierre Polovtsoff","value":1},{"key":"Rene Leon","value":1}],"special":["-"],"unassignedSpecialChars":["-"],"uniqueKey":true,"errors":[]},"$$hashKey":"00J"},{"key":"Primary","description":"Primary","cardinality":3,"type":"text","blanks":0,"uniques":[],"uniqueKey":false,"special":[],"unassignedSpecialChars":[],"countBy":false,"errors":[],"descriptiveField":{"key":"Name","description":"Name","type":"text","cardinality":73,"blanks":0,"countBy":true,"uniques":[{"key":"Sara Murphy","value":1},{"key":"Lady Victoria Hamilton","value":1},{"key":"Ian Fleming","value":1},{"key":"Louis-Philippe","value":1},{"key":"Carey Grant","value":1},{"key":"Gustav V","value":1},{"key":"Aga Khan III","value":1},{"key":"Leopold II","value":1},{"key":"Edward VII","value":1},{"key":"Hiram Maxim","value":1},{"key":"Winaretta Singer","value":1},{"key":"Grimaldi Charles III","value":1},{"key":"Grimaldi Princesse Marie Caroline Gibert de Lametz","value":1},{"key":"Antony Noghes","value":1},{"key":"Basil Zaharoff","value":1},{"key":"Grace Kelly","value":1},{"key":"Grimaldi Louis II","value":1},{"key":"Grimaldi Prince Rainier III","value":1},{"key":"Grimaldi Princesse Antoinette Baroness of Massy","value":1},{"key":"Henri Schmit","value":1},{"key":"Hippolyte de Villemessant","value":1},{"key":"Leon Radziwill","value":1},{"key":"Raoul Gunsbourg","value":1},{"key":"Pablo Picasso","value":1},{"key":"Marie Blanc","value":1},{"key":"Elsa Maxwell","value":1},{"key":"Gerald Murphy","value":1},{"key":"La Belle Otero","value":1},{"key":"Alice Heine","value":1},{"key":"Anton Dolin","value":1},{"key":"Grimaldi Albert I","value":1},{"key":"Grimaldi Florestan I","value":1},{"key":"Grimaldi Pierre","value":1},{"key":"Grimaldi Princesse Antoinette de Merode","value":1},{"key":"Grimaldi Princesse Charlotte Duchess of Valentois","value":1},{"key":"Gustave Dore","value":1},{"key":"Honore de Balzac","value":1},{"key":"Jacques Benazet","value":1},{"key":"Louise Blanc","value":1},{"key":"Marie Juliette Louvet","value":1},{"key":"Mata Hari","value":1},{"key":"Roland Bonaparte","value":1},{"key":"Sarah Bernhardt","value":1},{"key":"Marie Félix Blanc","value":1},{"key":"Serge Diaghilev","value":1},{"key":"Albert Aubert","value":1},{"key":"Camille Blanc","value":1},{"key":"Charles Garnier","value":1},{"key":"Charles Wells","value":1},{"key":"Claude Blanc","value":1},{"key":"Coco Chanel","value":1},{"key":"Colette","value":1},{"key":"Constantin Radziwill","value":1},{"key":"Consuelo Vanderbilt","value":1},{"key":"Duc de Valmy","value":1},{"key":"Edith Wharton","value":1},{"key":"Edmond Blanc","value":1},{"key":"Eugene Marquet","value":1},{"key":"Eynaud","value":1},{"key":"Francois Blanc","value":1},{"key":"Francois Lefebvre","value":1},{"key":"Henri Wagatha","value":1},{"key":"Joseph Jagger","value":1},{"key":"Jules Laurent Dutrou","value":1},{"key":"Leon Barthou","value":1},{"key":"Louis Blanc","value":1},{"key":"Ludwig Jacobi","value":1},{"key":"Magdeleine-Victoire Huguelin","value":1},{"key":"Marie Therese Blanc","value":1},{"key":"Napoleon Langlois","value":1},{"key":"Pierre Auguste Daval","value":1},{"key":"Pierre Polovtsoff","value":1},{"key":"Rene Leon","value":1}],"special":["-"],"unassignedSpecialChars":["-"],"uniqueKey":true,"errors":[]},"$$hashKey":"00K"}],"data":[{"Name":"Sara Murphy","Birthplace":"Cincinnati","Arrival Point":"Monaco","Birthdate":"1883-11-7","Gender":"F","Position":"Tourist","Place of Death":"Arlington","Date of Death":"1975-10-10","Pic":"http://1.bp.blogspot.com/-NbQRBTQOaqs/TeLAtpXrIlI/AAAAAAAAIzM/vYydVVXIfCQ/s640/4.jpg","Site":"","Primary":"Y"},{"Name":"Lady Victoria Hamilton","Birthplace":"Lanarkshire","Arrival Point":"Monaco","Birthdate":"1850-12-11","Gender":"F","Position":"Aristocrat","Place of Death":"Budapest","Date of Death":"1922-5-14","Pic":"https://upload.wikimedia.org/wikipedia/commons/a/a1/Princess_of_Monaco_MV_Hamilton.jpg","Site":"","Primary":"Y"},{"Name":"Ian Fleming","Birthplace":"London","Arrival Point":"Monaco","Birthdate":"1908-05-28","Gender":"M","Position":"Author","Place of Death":"Canterbury","Date of Death":"1964-08-12","Pic":"http://upload.wikimedia.org/wikipedia/en/f/fe/Ian_Fleming%2C_headshot.jpg","Site":"","Primary":"N"},{"Name":"Louis-Philippe","Birthplace":"Paris","Arrival Point":"Monaco","Birthdate":"1774-10-06","Gender":"M","Position":"Aristocrat","Place of Death":"Claremont","Date of Death":"1850-08-26","Pic":"http://upload.wikimedia.org/wikipedia/commons/1/13/Louis-Philippe_de_Bourbon.jpg","Site":"","Primary":"N"},{"Name":"Carey Grant","Birthplace":"Bristol","Arrival Point":"Monaco","Birthdate":"1904-01-18","Gender":"M","Position":"Actor","Place of Death":"Davenport","Date of Death":"1986-11-29","Pic":"http://upload.wikimedia.org/wikipedia/commons/2/2e/Grant%2C_Cary_%28Suspicion%29_01.jpg","Site":"","Primary":"N"},{"Name":"Gustav V","Birthplace":"Drottningholm","Arrival Point":"Monaco","Birthdate":"1858-6-16","Gender":"M","Position":"Aristocrat","Place of Death":"Drottningholm","Date of Death":"1950-10-29","Pic":"https://upload.wikimedia.org/wikipedia/commons/0/0e/Gustaf_V_av_Sverige.jpg","Site":"","Primary":"Y"},{"Name":"Aga Khan III","Birthplace":"Karachi","Arrival Point":"Monaco","Birthdate":"1877-11-2","Gender":"M","Position":"Aristocrat","Place of Death":"Geneva","Date of Death":"1957-7-11","Pic":"http://img.dailymail.co.uk/i/pix/2008/03_01/AgaKhanMOS_228x347.jpg","Site":"","Primary":"Y"},{"Name":"Leopold II","Birthplace":"Brussels","Arrival Point":"Monaco","Birthdate":"1835-4-9","Gender":"M","Position":"Aristocrat","Place of Death":"Laeken","Date of Death":"1909-12-17","Pic":"http://upload.wikimedia.org/wikipedia/commons/3/39/Leopold_ii_garter_knight.jpg","Site":"","Primary":"Y"},{"Name":"Edward VII","Birthplace":"London","Arrival Point":"Monaco","Birthdate":"1841-11-9","Gender":"M","Position":"Aristocrat","Place of Death":"London","Date of Death":"1910-5-6","Pic":"https://upload.wikimedia.org/wikipedia/commons/4/44/Edward_VII_in_coronation_robes.jpg","Site":"","Primary":"Y"},{"Name":"Hiram Maxim","Birthplace":"Sangerville","Arrival Point":"Monaco","Birthdate":"1840-2-5","Gender":"M","Position":"Financier","Place of Death":"London","Date of Death":"1916-11-24","Pic":"http://upload.wikimedia.org/wikipedia/commons/3/30/Maxim_portrait.jpg","Site":"","Primary":"Y"},{"Name":"Winaretta Singer","Birthplace":"Yonkers","Arrival Point":"Monaco","Birthdate":"1865-1-8","Gender":"F","Position":"Aristocrat","Place of Death":"London","Date of Death":"1943-11-26","Pic":"http://2.bp.blogspot.com/_dHMUkWjxiWM/SxV9Udv1fCI/AAAAAAAACDQ/OYKNcX4JtMc/s640/Nancy-Cunard.jpg","Site":"","Primary":"Y"},{"Name":"Grimaldi Charles III","Birthplace":"Paris","Arrival Point":"Monaco","Birthdate":"1818-12-8","Gender":"M","Position":"Aristocrat","Place of Death":"Marchais Aisne","Date of Death":"1889-9-10","Pic":"http://upload.wikimedia.org/wikipedia/commons/7/7a/Karl_III_%28Monaco%29.jpg","Site":"","Primary":"Y"},{"Name":" Grimaldi Princesse Marie Caroline Gibert de Lametz","Birthplace":"Coulommiers","Arrival Point":"Monaco","Birthdate":"1793-7-18","Gender":"F","Position":"Aristocrat","Place of Death":"Monaco","Date of Death":"1879-11-25","Pic":"http://upload.wikimedia.org/wikipedia/commons/f/fd/Caroline_gibert_cl_lg.JPG","Site":"","Primary":"Y"},{"Name":"Antony Noghes","Birthplace":"Py","Arrival Point":"Monaco","Birthdate":"1890-9-13","Gender":"M","Position":"Monegasque","Place of Death":"Monaco","Date of Death":"1978-7-2","Pic":"http://1.bp.blogspot.com/-Dxjzzc8sHkc/UXlMTh10_bI/AAAAAAAAAII/CCoUvPZ-K_0/s1600/Anthony+Nogh%C3%A8s.jpg","Site":"","Primary":"Y"},{"Name":"Basil Zaharoff ","Birthplace":"Mugla","Arrival Point":"Monaco","Birthdate":"1849-10-6","Gender":"M","Position":"Financier","Place of Death":"Monaco","Date of Death":"1936-11-27","Pic":"http://public.media.smithsonianmag.com/legacy_blog/Zaharoff.jpg","Site":"","Primary":"Y"},{"Name":"Grace Kelly","Birthplace":"Philadelphia","Arrival Point":"Monaco","Birthdate":"1929-11-12","Gender":"F","Position":"Actor, Aristocrat","Place of Death":"Monaco","Date of Death":"1982-9-12","Pic":"https://upload.wikimedia.org/wikipedia/commons/f/fc/Kelly%2C_Grace_%28Rear_Window%29.jpg","Site":"","Primary":"Y"},{"Name":"Grimaldi Louis II","Birthplace":"Baden Baden","Arrival Point":"Monaco","Birthdate":"1870-7-12","Gender":"M","Position":"Aristocrat","Place of Death":"Monaco","Date of Death":"1949-5-9","Pic":"http://3.bp.blogspot.com/-vyqJmXjsP_Q/TZnFCGm_ISI/AAAAAAAAEg4/jX5fGh0c0Iw/s320/louis2sq.jpg","Site":"","Primary":"Y"},{"Name":"Grimaldi Prince Rainier III","Birthplace":"Monaco","Arrival Point":"Monaco","Birthdate":"1923-5-31","Gender":"M","Position":"Aristocrat","Place of Death":"Monaco","Date of Death":"2005-4-6","Pic":"http://upload.wikimedia.org/wikipedia/commons/5/53/Prince_Rainier_III.jpg","Site":"","Primary":"Y"},{"Name":"Grimaldi Princesse Antoinette Baroness of Massy","Birthplace":"Paris","Arrival Point":"Monaco","Birthdate":"1920-12-28","Gender":"F","Position":"Aristocrat","Place of Death":"Monaco","Date of Death":"2011-3-18","Pic":"http://upload.wikimedia.org/wikipedia/commons/5/5d/Antonieta_y_Raniero.jpg","Site":"","Primary":"Y"},{"Name":"Henri Schmit","Birthplace":"Reims","Arrival Point":"Monaco","Birthdate":"1851","Gender":"M","Position":"Consultant","Place of Death":"Monaco","Date of Death":"1904","Pic":"http://upload.wikimedia.org/wikipedia/commons/a/ab/WALDST3.jpg","Site":"","Primary":"Y"},{"Name":"Hippolyte de Villemessant","Birthplace":"Rouen","Arrival Point":"Monaco","Birthdate":"1810-4-22","Gender":"M","Position":"Journalist","Place of Death":"Monaco","Date of Death":"1879-4-12","Pic":"http://upload.wikimedia.org/wikipedia/commons/a/a7/HippolyteVillemessant.jpg","Site":"","Primary":"Y"},{"Name":"Leon Radziwill","Birthplace":"Saint Cloud","Arrival Point":"Monaco","Birthdate":"1880-9-6","Gender":"M","Position":"Financier","Place of Death":"Monaco","Date of Death":"1927-3-2","Pic":"http://upload.wikimedia.org/wikipedia/commons/a/ab/WALDST3.jpg","Site":"","Primary":"Y"},{"Name":"Raoul Gunsbourg","Birthplace":"Bucharest","Arrival Point":"Monaco","Birthdate":"1860-1-6","Gender":"M","Position":"Artist, Consultant","Place of Death":"Monaco","Date of Death":"1955-5-31","Pic":"http://www.opera.mc/graphx/side_historique_3.jpg","Site":"","Primary":"Y"},{"Name":"Pablo Picasso","Birthplace":"Malaga","Arrival Point":"Monaco","Birthdate":"1881-10-25","Gender":"M","Position":"Artist","Place of Death":"Mougins","Date of Death":"1973-4-8","Pic":"http://upload.wikimedia.org/wikipedia/en/4/41/Portrait_of_Pablo_Picasso%2C_1908-1909%2C_anonymous_photographer%2C_Mus%C3%A9e_Picasso%2C_Paris...jpg","Site":"","Primary":"Y"},{"Name":"Marie Blanc","Birthplace":"Friedrichsdorf","Arrival Point":"Monaco","Birthdate":"1833-9-23","Gender":"F","Position":"Financier","Place of Death":"Moutiers","Date of Death":"1881-7-25","Pic":"http://upload.wikimedia.org/wikipedia/commons/d/db/Marie_Charlotte_Hensel_%28%C3%A9pouse_Blanc%29.jpg","Site":"","Primary":"Y"},{"Name":"Elsa Maxwell","Birthplace":"Keokuk","Arrival Point":"Monaco","Birthdate":"1883-5-24","Gender":"F","Position":"Consultant","Place of Death":"New York","Date of Death":"1963-11-1","Pic":"https://upload.wikimedia.org/wikipedia/commons/d/d8/Maxwell%2C_Elsie_-_by_Carl_van_Vechten.jpg","Site":"","Primary":"Y"},{"Name":"Gerald Murphy","Birthplace":"Boston","Arrival Point":"Monaco","Birthdate":"1888-3-25","Gender":"M","Position":"Tourist, Artist","Place of Death":"New York","Date of Death":"1964-10-17","Pic":"http://www.dandyism.net/wp-content/uploads/2008/11/automotive-ball-400-w.jpg","Site":"","Primary":"Y"},{"Name":"La Belle Otero","Birthplace":"Galicia","Arrival Point":"Monaco","Birthdate":"1868-11-4","Gender":"F","Position":"Artist","Place of Death":"Nice","Date of Death":"1965-4-12","Pic":"https://upload.wikimedia.org/wikipedia/en/a/a8/La_Belle_Otero_-_1905_Postcard.jpg","Site":"","Primary":"Y"},{"Name":"Alice Heine","Birthplace":"New Orleans","Arrival Point":"Monaco","Birthdate":"1858","Gender":"F","Position":"Aristocrat","Place of Death":"Paris","Date of Death":"1925-12-22","Pic":"http://upload.wikimedia.org/wikipedia/commons/8/89/Princess_Alice_of_Monaco_15636v.jpg","Site":"","Primary":"Y"},{"Name":"Anton Dolin","Birthplace":"Slinfold","Arrival Point":"Monaco","Birthdate":"1904-7-27","Gender":"M","Position":"Artist","Place of Death":"Paris","Date of Death":"1983-11-25","Pic":"http://upload.wikimedia.org/wikipedia/commons/d/d0/Anton_Dolin.jpg","Site":"","Primary":"Y"},{"Name":"Grimaldi Albert I","Birthplace":"Paris","Arrival Point":"Monaco","Birthdate":"1848-11-13","Gender":"M","Position":"Aristocrat","Place of Death":"Paris","Date of Death":"1922-6-22","Pic":"http://upload.wikimedia.org/wikipedia/en/8/81/AlbertI.jpg","Site":"","Primary":"Y"},{"Name":"Grimaldi Florestan I","Birthplace":"Paris","Arrival Point":"Monaco","Birthdate":"1785-10-10","Gender":"M","Position":"Aristocrat","Place of Death":"Paris","Date of Death":"1856-6-20","Pic":"http://upload.wikimedia.org/wikipedia/commons/d/da/FlorestanI-1-.png","Site":"","Primary":"Y"},{"Name":"Grimaldi Pierre","Birthplace":"Morbihan","Arrival Point":"Monaco","Birthdate":"1895-10-24","Gender":"M","Position":"Aristocrat","Place of Death":"Paris","Date of Death":"1964-11-10","Pic":"http://upload.wikimedia.org/wikipedia/en/0/0c/Pierre_de_Polignac.jpg","Site":"","Primary":"Y"},{"Name":"Grimaldi Princesse Antoinette de Merode","Birthplace":"Brussels","Arrival Point":"Monaco","Birthdate":"1828-9-28","Gender":"F","Position":"Aristocrat","Place of Death":"Paris","Date of Death":"1864-2-10","Pic":"http://upload.wikimedia.org/wikipedia/commons/9/92/Antoinette_de_Merode.jpg","Site":"","Primary":"Y"},{"Name":"Grimaldi Princesse Charlotte Duchess of Valentois","Birthplace":"Constantine","Arrival Point":"Monaco","Birthdate":"1898-9-30","Gender":"F","Position":"Aristocrat","Place of Death":"Paris","Date of Death":"1977-11-17","Pic":"https://upload.wikimedia.org/wikipedia/en/5/59/Princess_Charlotte_of_Monaco.jpg","Site":"","Primary":"Y"},{"Name":"Gustave Dore","Birthplace":"Strasbourg","Arrival Point":"Monaco","Birthdate":"1832-6-1","Gender":"M","Position":"Artist","Place of Death":"Paris","Date of Death":"1883-1-23","Pic":"https://upload.wikimedia.org/wikipedia/commons/6/6a/Dor%C3%A9_by_Nadar_1867_cropped.jpg","Site":"","Primary":"Y"},{"Name":"Honore de Balzac","Birthplace":"Tours","Arrival Point":"Monaco","Birthdate":"1799-5-20","Gender":"M","Position":"Author","Place of Death":"Paris","Date of Death":"1850-8-18","Pic":"http://upload.wikimedia.org/wikipedia/commons/6/68/Honoré_de_Balzac_%281842%29.jpg","Site":"","Primary":"N"},{"Name":"Jacques Benazet","Birthplace":"Foix","Arrival Point":"Monaco","Birthdate":"1778-12-3","Gender":"M","Position":"Financier","Place of Death":"Paris","Date of Death":"1848-3-13","Pic":"http://www.stadtwiki-baden-baden.de/w/images/5/51/JacquesBenazet.jpg","Site":"","Primary":"N"},{"Name":"Louise Blanc","Birthplace":"Paris","Arrival Point":"Monaco","Birthdate":"1854","Gender":"F","Position":"Manager","Place of Death":"Paris","Date of Death":"1911","Pic":"http://www.marcelproust.it/imagg/radziwill_principessa.jpg","Site":"","Primary":"Y"},{"Name":"Marie Juliette Louvet","Birthplace":"Pierreval","Arrival Point":"Monaco","Birthdate":"1867-5-9","Gender":"F","Position":"Aristocracy","Place of Death":"Paris","Date of Death":"1930-9-24","Pic":"http://upload.wikimedia.org/wikipedia/commons/d/d4/JaneAustenSilhouette.png","Site":"","Primary":"Y"},{"Name":"Mata Hari","Birthplace":"Leeuwarden","Arrival Point":"Monaco","Birthdate":"1876-8-7","Gender":"F","Position":"Artist","Place of Death":"Paris","Date of Death":"1917-10-15","Pic":"http://upload.wikimedia.org/wikipedia/commons/4/41/Mata_Hari_2.jpg","Site":"","Primary":"Y"},{"Name":"Roland Bonaparte","Birthplace":"Paris","Arrival Point":"Monaco","Birthdate":"1858-5-19","Gender":"M","Position":"Aristocrat","Place of Death":"Paris","Date of Death":"1924-4-14","Pic":"http://upload.wikimedia.org/wikipedia/en/4/43/Prince_Roland_Bonaparte_3641567004_c517894947_o.jpg","Site":"","Primary":"Y"},{"Name":"Sarah Bernhardt","Birthplace":"Paris","Arrival Point":"Monaco","Birthdate":"1844-10-22","Gender":"F","Position":"Artist","Place of Death":"Paris","Date of Death":"1923-3-26","Pic":"http://upload.wikimedia.org/wikipedia/commons/1/11/Sarah_Bernhardt_by_Paul_Nadar_%28crop%29.jpg","Site":"","Primary":"Y"},{"Name":"Marie Félix Blanc","Birthplace":"Paris","Arrival Point":"Monaco","Birthdate":"1859-12-22","Gender":"F","Position":"Manager, Aristocrat","Place of Death":"Saint Cloud","Date of Death":"1882-8-1","Pic":"http://upload.wikimedia.org/wikipedia/commons/4/44/Marie_Charlotte_Blanc.jpg","Site":"","Primary":"Y"},{"Name":"Serge Diaghilev","Birthplace":"Chudovsky","Arrival Point":"Monaco","Birthdate":"1872-3-31","Gender":"M","Position":"Artist, Consultant","Place of Death":"Venice","Date of Death":"1929-8-19","Pic":"http://upload.wikimedia.org/wikipedia/commons/9/97/Sergei_Diaghilev_photo.jpg","Site":"","Primary":"Y"},{"Name":"Albert Aubert","Birthplace":"France","Arrival Point":"Monaco","Birthdate":"","Gender":"M","Position":"Financier","Place of Death":"","Date of Death":"","Pic":"http://upload.wikimedia.org/wikipedia/commons/a/ab/WALDST3.jpg","Site":"","Primary":"Y"},{"Name":"Camille Blanc","Birthplace":"Paris","Arrival Point":"Monaco","Birthdate":"1847","Gender":"M","Position":"Financier","Place of Death":"","Date of Death":"","Pic":"http://upload.wikimedia.org/wikipedia/commons/thumb/c/c3/Portrait_Camille_Blanc.jpg/220px-Portrait_Camille_Blanc.jpg","Site":"","Primary":"Y"},{"Name":"Charles Garnier","Birthplace":"Paris","Arrival Point":"Monaco","Birthdate":"1825-11-6","Gender":"M","Position":"Artist, Consultant","Place of Death":"","Date of Death":"","Pic":"https://upload.wikimedia.org/wikipedia/commons/c/c2/Charles_Garnier_by_Nadar_-_Leniaud_2003_p142.jpg","Site":"","Primary":"Y"},{"Name":"Charles Wells","Birthplace":"Hertfordshire","Arrival Point":"Monaco","Birthdate":"1841-1-1","Gender":"M","Position":"Gambler","Place of Death":"","Date of Death":"","Pic":"http://www.promote-casino.com/wp-content/uploads/2011/10/Charles-Deville-Wells.jpg","Site":"","Primary":"Y"},{"Name":"Claude Blanc","Birthplace":"Courthezon","Arrival Point":"Monaco","Birthdate":"","Gender":"M","Position":"","Place of Death":"","Date of Death":"","Pic":"http://upload.wikimedia.org/wikipedia/commons/a/ab/WALDST3.jpg","Site":"","Primary":"N"},{"Name":"Coco Chanel","Birthplace":"Saumur","Arrival Point":"Monaco","Birthdate":"1883-7-19","Gender":"F","Position":"Artist","Place of Death":"","Date of Death":"","Pic":"https://upload.wikimedia.org/wikipedia/en/3/30/Coco_Chanel%2C_1920.jpg","Site":"","Primary":"Y"},{"Name":"Colette","Birthplace":"Yonne","Arrival Point":"Monaco","Birthdate":"1873-1-28","Gender":"F","Position":"Artist","Place of Death":"","Date of Death":"","Pic":"https://upload.wikimedia.org/wikipedia/commons/0/0d/SidonieGabrielleColette.jpg","Site":"","Primary":"Y"},{"Name":"Constantin Radziwill","Birthplace":"Minsk","Arrival Point":"Monaco","Birthdate":"1850-7-31","Gender":"M","Position":"Financier","Place of Death":"","Date of Death":"","Pic":"http://www.marcelproust.it/imagg/radziwill_constantin.jpg","Site":"","Primary":"Y"},{"Name":"Consuelo Vanderbilt","Birthplace":"New York","Arrival Point":"Monaco","Birthdate":"1877-3-2","Gender":"F","Position":"Aristocrat","Place of Death":"","Date of Death":"","Pic":"https://upload.wikimedia.org/wikipedia/commons/9/91/Consuelo_Vanderbilt2.jpg","Site":"","Primary":"Y"},{"Name":"Duc de Valmy","Birthplace":"Paris","Arrival Point":"Monaco","Birthdate":"1802-3-14","Gender":"M","Position":"Financier","Place of Death":"","Date of Death":"","Pic":"http://upload.wikimedia.org/wikipedia/commons/a/ab/WALDST3.jpg","Site":"","Primary":"Y"},{"Name":"Edith Wharton","Birthplace":"New York","Arrival Point":"Monaco","Birthdate":"1862-1-24","Gender":"F","Position":"Artist","Place of Death":"","Date of Death":"","Pic":"https://upload.wikimedia.org/wikipedia/commons/3/3a/Edith_Newbold_Jones_Wharton.jpg","Site":"","Primary":"Y"},{"Name":"Edmond Blanc","Birthplace":"Paris","Arrival Point":"Monaco","Birthdate":"1856-2-22","Gender":"M","Position":"Financier","Place of Death":"","Date of Death":"1920","Pic":"https://upload.wikimedia.org/wikipedia/commons/0/05/Edmond_Blanc.jpg","Site":"","Primary":"Y"},{"Name":"Eugene Marquet","Birthplace":"Monaco","Arrival Point":"Monaco","Birthdate":"1864","Gender":"M","Position":"Monegasque","Place of Death":"","Date of Death":"","Pic":"http://upload.wikimedia.org/wikipedia/commons/a/ab/WALDST3.jpg","Site":"","Primary":"Y"},{"Name":"Eynaud","Birthplace":"Paris","Arrival Point":"Monaco","Birthdate":"","Gender":"M","Position":"Manager","Place of Death":"","Date of Death":"","Pic":"http://upload.wikimedia.org/wikipedia/commons/a/ab/WALDST3.jpg","Site":"","Primary":"Y"},{"Name":"Francois Blanc","Birthplace":"Courthezon","Arrival Point":"Monaco","Birthdate":"1806-12-12","Gender":"M","Position":"Financier","Place of Death":"","Date of Death":"","Pic":"http://upload.wikimedia.org/wikipedia/commons/5/54/Portrait_de_Fran%C3%A7ois_Blanc.jpg","Site":"","Primary":"Y"},{"Name":"Francois Lefebvre","Birthplace":"Paris","Arrival Point":"Monaco","Birthdate":"","Gender":"M","Position":"Financier","Place of Death":"","Date of Death":"","Pic":"http://upload.wikimedia.org/wikipedia/commons/a/ab/WALDST3.jpg","Site":"","Primary":"Y"},{"Name":"Henri Wagatha","Birthplace":"Germany","Arrival Point":"Monaco","Birthdate":"","Gender":"M","Position":"Manager","Place of Death":"","Date of Death":"","Pic":"http://upload.wikimedia.org/wikipedia/commons/a/ab/WALDST3.jpg","Site":"","Primary":"Y"},{"Name":"Joseph Jagger","Birthplace":"Yorkshire","Arrival Point":"Monaco","Birthdate":"1830-9-1","Gender":"M","Position":"Gambler","Place of Death":"","Date of Death":"1892","Pic":"http://upload.wikimedia.org/wikipedia/commons/a/ab/WALDST3.jpg","Site":"","Primary":"Y"},{"Name":"Jules Laurent Dutrou","Birthplace":"Paris","Arrival Point":"Monaco","Birthdate":"1819-4-16","Gender":"M","Position":"Consultant","Place of Death":"","Date of Death":"1885-4-24","Pic":"http://upload.wikimedia.org/wikipedia/commons/a/ab/WALDST3.jpg","Site":"","Primary":"Y"},{"Name":"Leon Barthou","Birthplace":"Paris","Arrival Point":"Monaco","Birthdate":"","Gender":"M","Position":"Manager","Place of Death":"","Date of Death":"","Pic":"http://upload.wikimedia.org/wikipedia/commons/a/ab/WALDST3.jpg","Site":"","Primary":"Y"},{"Name":"Louis Blanc","Birthplace":"Courthezon","Arrival Point":"Monaco","Birthdate":"1806-12-12","Gender":"M","Position":"Financier","Place of Death":"","Date of Death":"1852-01-01","Pic":"http://upload.wikimedia.org/wikipedia/commons/a/ab/WALDST3.jpg","Site":"","Primary":"N"},{"Name":"Ludwig Jacobi","Birthplace":"Germany","Arrival Point":"Monaco","Birthdate":"","Gender":"M","Position":"Consultant","Place of Death":"","Date of Death":"","Pic":"http://upload.wikimedia.org/wikipedia/commons/a/ab/WALDST3.jpg","Site":"","Primary":"Y"},{"Name":"Magdeleine-Victoire Huguelin","Birthplace":"","Arrival Point":"Monaco","Birthdate":"","Gender":"F","Position":"Spouse","Place of Death":"","Date of Death":"1852-01-01","Pic":"http://upload.wikimedia.org/wikipedia/commons/d/d4/JaneAustenSilhouette.png","Site":"","Primary":"N"},{"Name":"Marie Therese Blanc","Birthplace":"Courthezon","Arrival Point":"Monaco","Birthdate":"","Gender":"F","Position":"","Place of Death":"","Date of Death":"","Pic":"http://upload.wikimedia.org/wikipedia/commons/d/d4/JaneAustenSilhouette.png","Site":"","Primary":"N"},{"Name":"Napoleon Langlois","Birthplace":"France","Arrival Point":"Monaco","Birthdate":"","Gender":"M","Position":"Financier","Place of Death":"","Date of Death":"","Pic":"http://upload.wikimedia.org/wikipedia/commons/a/ab/WALDST3.jpg","Site":"","Primary":"Y"},{"Name":"Pierre Auguste Daval","Birthplace":"France","Arrival Point":"Monaco","Birthdate":"","Gender":"M","Position":"Financier","Place of Death":"","Date of Death":"","Pic":"http://upload.wikimedia.org/wikipedia/commons/a/ab/WALDST3.jpg","Site":"","Primary":"y"},{"Name":"Pierre Polovtsoff","Birthplace":"St. Petersburg","Arrival Point":"Monaco","Birthdate":"1874","Gender":"M","Position":"Financier","Place of Death":"","Date of Death":"","Pic":"http://upload.wikimedia.org/wikipedia/commons/a/ab/WALDST3.jpg","Site":"","Primary":"Y"},{"Name":"Rene Leon","Birthplace":"Paris","Arrival Point":"Monaco","Birthdate":"1890","Gender":"M","Position":"Financier","Place of Death":"","Date of Death":"","Pic":"http://upload.wikimedia.org/wikipedia/commons/a/ab/WALDST3.jpg","Site":"","Primary":"Y"}],"uniqueId":0,"$$hashKey":"008"},{"label":"Places","id":1,"autoFields":[],"fields":[{"key":"Place","description":"Place","cardinality":69,"type":"text","blanks":0,"uniques":[],"uniqueKey":true,"special":[],"unassignedSpecialChars":[],"countBy":false,"errors":[],"$$hashKey":"055"},{"key":"Coordinates","description":"Coordinates","cardinality":67,"type":"latlong","blanks":0,"uniques":[],"uniqueKey":false,"special":[",","-"],"unassignedSpecialChars":[],"countBy":false,"errors":[],"descriptiveField":{"key":"Place","description":"Place","type":"text","cardinality":69,"blanks":0,"countBy":false,"uniques":[{"key":"Amsterdam","value":1},{"key":"Ankara","value":1},{"key":"Arlington","value":1},{"key":"Athens","value":1},{"key":"Baden Baden","value":1},{"key":"Belgrade","value":1},{"key":"Berlin","value":1},{"key":"Bern","value":1},{"key":"Boston","value":1},{"key":"Brussels","value":1},{"key":"Bucharest","value":1},{"key":"Budapest","value":1},{"key":"Bristol","value":1},{"key":"Canterbury","value":1},{"key":"Chudovsky","value":1},{"key":"Cincinnati","value":1},{"key":"Claremont","value":1},{"key":"Constantine","value":1},{"key":"Copenhagen","value":1},{"key":"Coulommiers","value":1},{"key":"Courthezon","value":1},{"key":"Davenport","value":1},{"key":"Drottningholm","value":1},{"key":"Foix","value":1},{"key":"France","value":1},{"key":"Friedrichsdorf","value":1},{"key":"Galicia","value":1},{"key":"Geneva","value":1},{"key":"Germany","value":1},{"key":"Hertfordshire","value":1},{"key":"Karachi","value":1},{"key":"Keokuk","value":1},{"key":"Lanarkshire","value":1},{"key":"Laeken","value":1},{"key":"Leeuwarden","value":1},{"key":"London","value":1},{"key":"Malaga","value":1},{"key":"Marchais Aisne","value":1},{"key":"Minsk","value":1},{"key":"Monaco","value":1},{"key":"Morbihan","value":1},{"key":"Moscow","value":1},{"key":"Mougins","value":1},{"key":"Moutiers","value":1},{"key":"Mugla","value":1},{"key":"New Orleans","value":1},{"key":"New York","value":1},{"key":"Nice","value":1},{"key":"Paris","value":1},{"key":"Philadelphia","value":1},{"key":"Pierreval","value":1},{"key":"Prague","value":1},{"key":"Py","value":1},{"key":"Reims","value":1},{"key":"Rome","value":1},{"key":"Rouen","value":1},{"key":"Saint Cloud","value":1},{"key":"Sangerville","value":1},{"key":"Saumur","value":1},{"key":"Slinfold","value":1},{"key":"St. Petersburg","value":1},{"key":"Strasbourg","value":1},{"key":"Tehran","value":1},{"key":"Tours","value":1},{"key":"Venice","value":1},{"key":"Washington","value":1},{"key":"Yonkers","value":1},{"key":"Yonne","value":1},{"key":"Yorkshire","value":1}],"special":[],"unassignedSpecialChars":[],"uniqueKey":true,"errors":[]},"$$hashKey":"056","verifiedSpecialChars":[],"confirmed":true}],"data":[{"Place":"Amsterdam","Coordinates":"52.373056, 4.892222"},{"Place":"Ankara","Coordinates":"39.916667, 32.833333"},{"Place":"Arlington","Coordinates":"38.880278, -77.108333"},{"Place":"Athens","Coordinates":"37.966667, 23.716667"},{"Place":"Baden Baden","Coordinates":"48.762778, 8.240833"},{"Place":"Belgrade","Coordinates":"44.816667, 20.466667"},{"Place":"Berlin","Coordinates":"52.516667, 13.383333"},{"Place":"Bern","Coordinates":"46.95, 7.45"},{"Place":"Boston","Coordinates":"42.358056, -71.063611"},{"Place":"Brussels","Coordinates":"50.85, 4.35"},{"Place":"Bucharest","Coordinates":"44.4325, 26.103889"},{"Place":"Budapest","Coordinates":"47.471944, 19.050278"},{"Place":"Bristol","Coordinates":"51.45, -2.583333"},{"Place":"Canterbury","Coordinates":"51.275, 1.087"},{"Place":"Chudovsky","Coordinates":"59.133333, 31.666667"},{"Place":"Cincinnati","Coordinates":"39.1, -84.516667"},{"Place":"Claremont","Coordinates":"51.359444, -0.368333"},{"Place":"Constantine","Coordinates":"36.35, 6.6"},{"Place":"Copenhagen","Coordinates":"55.676111, 12.568333"},{"Place":"Coulommiers","Coordinates":"48.8247, 3.1068"},{"Place":"Courthezon","Coordinates":"44.0883, 4.8847"},{"Place":"Davenport","Coordinates":"41.543056, -90.590833"},{"Place":"Drottningholm","Coordinates":"59.321667, 17.886111"},{"Place":"Foix","Coordinates":"42.965556, 1.606944"},{"Place":"France","Coordinates":"48.8567, 2.3508"},{"Place":"Friedrichsdorf","Coordinates":"50.255556, 8.639722"},{"Place":"Galicia","Coordinates":"42.5, -8.1"},{"Place":"Geneva","Coordinates":"46.2, 6.15"},{"Place":"Germany","Coordinates":"52.516667, 13.383333"},{"Place":"Hertfordshire","Coordinates":"51.9, -0.2"},{"Place":"Karachi","Coordinates":"24.86, 67.01"},{"Place":"Keokuk","Coordinates":"40.4025, -91.394444"},{"Place":"Lanarkshire","Coordinates":"55.6, -3.783333"},{"Place":"Laeken","Coordinates":"50.866667, 4.35"},{"Place":"Leeuwarden","Coordinates":"53.2, 5.783333"},{"Place":"London","Coordinates":"51.507222, -0.1275"},{"Place":"Malaga","Coordinates":"36.719444, -4.42"},{"Place":"Marchais Aisne","Coordinates":"49.5, 3.5"},{"Place":"Minsk","Coordinates":"53.9, 27.566667"},{"Place":"Monaco","Coordinates":"43.716667, 7.416667"},{"Place":"Morbihan","Coordinates":"47.833333, -2.833333"},{"Place":"Moscow","Coordinates":"55.75, 37.616667"},{"Place":"Mougins","Coordinates":"43.6008, 6.9956"},{"Place":"Moutiers","Coordinates":"45.4858, 6.5344"},{"Place":"Mugla","Coordinates":"37.216667, 28.366667"},{"Place":"New Orleans","Coordinates":"29.964722, -90.070556"},{"Place":"New York","Coordinates":"40.67, -73.94"},{"Place":"Nice","Coordinates":"43.7034, 7.2663"},{"Place":"Paris","Coordinates":"48.8567, 2.3508"},{"Place":"Philadelphia","Coordinates":"39.95, -75.166667"},{"Place":"Pierreval","Coordinates":"49.5433, 1.2572"},{"Place":"Prague","Coordinates":"50.083333, 14.416667"},{"Place":"Py","Coordinates":"42.4967, 2.3514"},{"Place":"Reims","Coordinates":"49.2628, 4.0347"},{"Place":"Rome","Coordinates":"41.9, 12.483333"},{"Place":"Rouen","Coordinates":"49.44, 1.1"},{"Place":"Saint Cloud","Coordinates":"48.84, 2.22"},{"Place":"Sangerville","Coordinates":"45.123889, -69.310278"},{"Place":"Saumur","Coordinates":"47.26, -0.0769"},{"Place":"Slinfold","Coordinates":"51.109167, -0.187222"},{"Place":"St. Petersburg","Coordinates":"59.95, 30.3"},{"Place":"Strasbourg","Coordinates":"48.58, 7.75"},{"Place":"Tehran","Coordinates":"35.696111, 51.423056"},{"Place":"Tours","Coordinates":"47.3936, 0.6892"},{"Place":"Venice","Coordinates":"45.4375, 12.335833"},{"Place":"Washington","Coordinates":"38.895111, -77.036667"},{"Place":"Yonkers","Coordinates":"40.941389, -73.864444"},{"Place":"Yonne","Coordinates":"47.8, 3.566667"},{"Place":"Yorkshire","Coordinates":"53.75, -1.666667"}],"uniqueId":1,"$$hashKey":"053"}],"links":[{"source":{"file":{"uniqueId":0},"field":{"key":"Birthplace","description":"Birthplace","cardinality":45,"type":"text","blanks":1,"uniques":[],"uniqueKey":false,"special":[],"unassignedSpecialChars":[],"countBy":false,"errors":[],"descriptiveField":{"key":"Name","description":"Name","type":"text","cardinality":73,"blanks":0,"countBy":true,"uniques":[{"key":"Sara Murphy","value":1},{"key":"Lady Victoria Hamilton","value":1},{"key":"Ian Fleming","value":1},{"key":"Louis-Philippe","value":1},{"key":"Carey Grant","value":1},{"key":"Gustav V","value":1},{"key":"Aga Khan III","value":1},{"key":"Leopold II","value":1},{"key":"Edward VII","value":1},{"key":"Hiram Maxim","value":1},{"key":"Winaretta Singer","value":1},{"key":"Grimaldi Charles III","value":1},{"key":"Grimaldi Princesse Marie Caroline Gibert de Lametz","value":1},{"key":"Antony Noghes","value":1},{"key":"Basil Zaharoff","value":1},{"key":"Grace Kelly","value":1},{"key":"Grimaldi Louis II","value":1},{"key":"Grimaldi Prince Rainier III","value":1},{"key":"Grimaldi Princesse Antoinette Baroness of Massy","value":1},{"key":"Henri Schmit","value":1},{"key":"Hippolyte de Villemessant","value":1},{"key":"Leon Radziwill","value":1},{"key":"Raoul Gunsbourg","value":1},{"key":"Pablo Picasso","value":1},{"key":"Marie Blanc","value":1},{"key":"Elsa Maxwell","value":1},{"key":"Gerald Murphy","value":1},{"key":"La Belle Otero","value":1},{"key":"Alice Heine","value":1},{"key":"Anton Dolin","value":1},{"key":"Grimaldi Albert I","value":1},{"key":"Grimaldi Florestan I","value":1},{"key":"Grimaldi Pierre","value":1},{"key":"Grimaldi Princesse Antoinette de Merode","value":1},{"key":"Grimaldi Princesse Charlotte Duchess of Valentois","value":1},{"key":"Gustave Dore","value":1},{"key":"Honore de Balzac","value":1},{"key":"Jacques Benazet","value":1},{"key":"Louise Blanc","value":1},{"key":"Marie Juliette Louvet","value":1},{"key":"Mata Hari","value":1},{"key":"Roland Bonaparte","value":1},{"key":"Sarah Bernhardt","value":1},{"key":"Marie Félix Blanc","value":1},{"key":"Serge Diaghilev","value":1},{"key":"Albert Aubert","value":1},{"key":"Camille Blanc","value":1},{"key":"Charles Garnier","value":1},{"key":"Charles Wells","value":1},{"key":"Claude Blanc","value":1},{"key":"Coco Chanel","value":1},{"key":"Colette","value":1},{"key":"Constantin Radziwill","value":1},{"key":"Consuelo Vanderbilt","value":1},{"key":"Duc de Valmy","value":1},{"key":"Edith Wharton","value":1},{"key":"Edmond Blanc","value":1},{"key":"Eugene Marquet","value":1},{"key":"Eynaud","value":1},{"key":"Francois Blanc","value":1},{"key":"Francois Lefebvre","value":1},{"key":"Henri Wagatha","value":1},{"key":"Joseph Jagger","value":1},{"key":"Jules Laurent Dutrou","value":1},{"key":"Leon Barthou","value":1},{"key":"Louis Blanc","value":1},{"key":"Ludwig Jacobi","value":1},{"key":"Magdeleine-Victoire Huguelin","value":1},{"key":"Marie Therese Blanc","value":1},{"key":"Napoleon Langlois","value":1},{"key":"Pierre Auguste Daval","value":1},{"key":"Pierre Polovtsoff","value":1},{"key":"Rene Leon","value":1}],"special":["-"],"unassignedSpecialChars":["-"],"uniqueKey":true,"errors":[]},"$$hashKey":"00B","confirmed":true,"augmentId":1}},"lookup":{"file":{"uniqueId":1},"field":{"key":"Place","description":"Place","cardinality":69,"type":"text","blanks":0,"uniques":[],"uniqueKey":true,"special":[],"unassignedSpecialChars":[],"countBy":false,"errors":[],"$$hashKey":"055"}},"metadata":{"matches":45,"total":45,"lookup":69,"background":"#33C44A","claz":"text-success"}},{"source":{"file":{"uniqueId":0},"field":{"key":"Arrival Point","description":"Arrival Point","cardinality":1,"type":"text","blanks":0,"uniques":[],"uniqueKey":false,"special":[],"unassignedSpecialChars":[],"countBy":false,"errors":[],"descriptiveField":{"key":"Name","description":"Name","type":"text","cardinality":73,"blanks":0,"countBy":true,"uniques":[{"key":"Sara Murphy","value":1},{"key":"Lady Victoria Hamilton","value":1},{"key":"Ian Fleming","value":1},{"key":"Louis-Philippe","value":1},{"key":"Carey Grant","value":1},{"key":"Gustav V","value":1},{"key":"Aga Khan III","value":1},{"key":"Leopold II","value":1},{"key":"Edward VII","value":1},{"key":"Hiram Maxim","value":1},{"key":"Winaretta Singer","value":1},{"key":"Grimaldi Charles III","value":1},{"key":"Grimaldi Princesse Marie Caroline Gibert de Lametz","value":1},{"key":"Antony Noghes","value":1},{"key":"Basil Zaharoff","value":1},{"key":"Grace Kelly","value":1},{"key":"Grimaldi Louis II","value":1},{"key":"Grimaldi Prince Rainier III","value":1},{"key":"Grimaldi Princesse Antoinette Baroness of Massy","value":1},{"key":"Henri Schmit","value":1},{"key":"Hippolyte de Villemessant","value":1},{"key":"Leon Radziwill","value":1},{"key":"Raoul Gunsbourg","value":1},{"key":"Pablo Picasso","value":1},{"key":"Marie Blanc","value":1},{"key":"Elsa Maxwell","value":1},{"key":"Gerald Murphy","value":1},{"key":"La Belle Otero","value":1},{"key":"Alice Heine","value":1},{"key":"Anton Dolin","value":1},{"key":"Grimaldi Albert I","value":1},{"key":"Grimaldi Florestan I","value":1},{"key":"Grimaldi Pierre","value":1},{"key":"Grimaldi Princesse Antoinette de Merode","value":1},{"key":"Grimaldi Princesse Charlotte Duchess of Valentois","value":1},{"key":"Gustave Dore","value":1},{"key":"Honore de Balzac","value":1},{"key":"Jacques Benazet","value":1},{"key":"Louise Blanc","value":1},{"key":"Marie Juliette Louvet","value":1},{"key":"Mata Hari","value":1},{"key":"Roland Bonaparte","value":1},{"key":"Sarah Bernhardt","value":1},{"key":"Marie Félix Blanc","value":1},{"key":"Serge Diaghilev","value":1},{"key":"Albert Aubert","value":1},{"key":"Camille Blanc","value":1},{"key":"Charles Garnier","value":1},{"key":"Charles Wells","value":1},{"key":"Claude Blanc","value":1},{"key":"Coco Chanel","value":1},{"key":"Colette","value":1},{"key":"Constantin Radziwill","value":1},{"key":"Consuelo Vanderbilt","value":1},{"key":"Duc de Valmy","value":1},{"key":"Edith Wharton","value":1},{"key":"Edmond Blanc","value":1},{"key":"Eugene Marquet","value":1},{"key":"Eynaud","value":1},{"key":"Francois Blanc","value":1},{"key":"Francois Lefebvre","value":1},{"key":"Henri Wagatha","value":1},{"key":"Joseph Jagger","value":1},{"key":"Jules Laurent Dutrou","value":1},{"key":"Leon Barthou","value":1},{"key":"Louis Blanc","value":1},{"key":"Ludwig Jacobi","value":1},{"key":"Magdeleine-Victoire Huguelin","value":1},{"key":"Marie Therese Blanc","value":1},{"key":"Napoleon Langlois","value":1},{"key":"Pierre Auguste Daval","value":1},{"key":"Pierre Polovtsoff","value":1},{"key":"Rene Leon","value":1}],"special":["-"],"unassignedSpecialChars":["-"],"uniqueKey":true,"errors":[]},"$$hashKey":"00C","confirmed":true,"augmentId":1}},"lookup":{"file":{"uniqueId":1},"field":{"key":"Place","description":"Place","cardinality":69,"type":"text","blanks":0,"uniques":[],"uniqueKey":true,"special":[],"unassignedSpecialChars":[],"countBy":false,"errors":[],"$$hashKey":"055"}},"metadata":{"matches":1,"total":1,"lookup":69,"background":"#33C44A","claz":"text-success"}},{"source":{"file":{"uniqueId":0},"field":{"key":"Place of Death","description":"Place of Death","cardinality":18,"type":"text","blanks":28,"uniques":[],"uniqueKey":false,"special":[],"unassignedSpecialChars":[],"countBy":false,"errors":[],"descriptiveField":{"key":"Name","description":"Name","type":"text","cardinality":73,"blanks":0,"countBy":true,"uniques":[{"key":"Sara Murphy","value":1},{"key":"Lady Victoria Hamilton","value":1},{"key":"Ian Fleming","value":1},{"key":"Louis-Philippe","value":1},{"key":"Carey Grant","value":1},{"key":"Gustav V","value":1},{"key":"Aga Khan III","value":1},{"key":"Leopold II","value":1},{"key":"Edward VII","value":1},{"key":"Hiram Maxim","value":1},{"key":"Winaretta Singer","value":1},{"key":"Grimaldi Charles III","value":1},{"key":"Grimaldi Princesse Marie Caroline Gibert de Lametz","value":1},{"key":"Antony Noghes","value":1},{"key":"Basil Zaharoff","value":1},{"key":"Grace Kelly","value":1},{"key":"Grimaldi Louis II","value":1},{"key":"Grimaldi Prince Rainier III","value":1},{"key":"Grimaldi Princesse Antoinette Baroness of Massy","value":1},{"key":"Henri Schmit","value":1},{"key":"Hippolyte de Villemessant","value":1},{"key":"Leon Radziwill","value":1},{"key":"Raoul Gunsbourg","value":1},{"key":"Pablo Picasso","value":1},{"key":"Marie Blanc","value":1},{"key":"Elsa Maxwell","value":1},{"key":"Gerald Murphy","value":1},{"key":"La Belle Otero","value":1},{"key":"Alice Heine","value":1},{"key":"Anton Dolin","value":1},{"key":"Grimaldi Albert I","value":1},{"key":"Grimaldi Florestan I","value":1},{"key":"Grimaldi Pierre","value":1},{"key":"Grimaldi Princesse Antoinette de Merode","value":1},{"key":"Grimaldi Princesse Charlotte Duchess of Valentois","value":1},{"key":"Gustave Dore","value":1},{"key":"Honore de Balzac","value":1},{"key":"Jacques Benazet","value":1},{"key":"Louise Blanc","value":1},{"key":"Marie Juliette Louvet","value":1},{"key":"Mata Hari","value":1},{"key":"Roland Bonaparte","value":1},{"key":"Sarah Bernhardt","value":1},{"key":"Marie Félix Blanc","value":1},{"key":"Serge Diaghilev","value":1},{"key":"Albert Aubert","value":1},{"key":"Camille Blanc","value":1},{"key":"Charles Garnier","value":1},{"key":"Charles Wells","value":1},{"key":"Claude Blanc","value":1},{"key":"Coco Chanel","value":1},{"key":"Colette","value":1},{"key":"Constantin Radziwill","value":1},{"key":"Consuelo Vanderbilt","value":1},{"key":"Duc de Valmy","value":1},{"key":"Edith Wharton","value":1},{"key":"Edmond Blanc","value":1},{"key":"Eugene Marquet","value":1},{"key":"Eynaud","value":1},{"key":"Francois Blanc","value":1},{"key":"Francois Lefebvre","value":1},{"key":"Henri Wagatha","value":1},{"key":"Joseph Jagger","value":1},{"key":"Jules Laurent Dutrou","value":1},{"key":"Leon Barthou","value":1},{"key":"Louis Blanc","value":1},{"key":"Ludwig Jacobi","value":1},{"key":"Magdeleine-Victoire Huguelin","value":1},{"key":"Marie Therese Blanc","value":1},{"key":"Napoleon Langlois","value":1},{"key":"Pierre Auguste Daval","value":1},{"key":"Pierre Polovtsoff","value":1},{"key":"Rene Leon","value":1}],"special":["-"],"unassignedSpecialChars":["-"],"uniqueKey":true,"errors":[]},"$$hashKey":"00G","confirmed":true,"augmentId":1}},"lookup":{"file":{"uniqueId":1},"field":{"key":"Place","description":"Place","cardinality":69,"type":"text","blanks":0,"uniques":[],"uniqueKey":true,"special":[],"unassignedSpecialChars":[],"countBy":false,"errors":[],"$$hashKey":"055"}},"metadata":{"matches":18,"total":18,"lookup":69,"background":"#33C44A","claz":"text-success"}}],"layout":"geo","metadata":{"title":null,"author":null,"date":null,"description":null},"vis":[]}